id,sentence_text,pass2_control,pass2_label,note
S0002,The office router's firewall is configured and active on all connections.,CE1_Firewalls,1,
S0004,"Software firewalls are switched on for all staff devices, including those used off-site.",CE1_Firewalls,1,
S0008,Unapproved incoming traffic is denied at the network boundary.,CE1_Firewalls,1,
S0011,The firewall's administrative interface is not accessible from the internet.,CE1_Firewalls,1,
S0019,The router is still using the default password printed on the label.,CE1_Firewalls,0,
S0020,Nobody changed the manufacturer's password when the firewall was set up.,CE1_Firewalls,0,
S0032,We uninstall any applications that are not required for staff to do their jobs.,CE2_SecureConfig,1,
S0037,Devices are configured to our security baseline before being issued to staff.,CE2_SecureConfig,1,
S0042,The care records tablet has never had its factory password changed.,CE2_SecureConfig,0,
S0045,Accounts for staff who left months ago are still active on the system.,CE2_SecureConfig,0,
S0057,All software we use is still supported and receives security updates.,CE3_Patching,1,
S0058,We check that our applications remain within the vendor's support period.,CE3_Patching,1,
S0069,Some machines are running outdated operating systems that are past end-of-life.,CE3_Patching,0,
S0087,Remote access to the care system does not require multi-factor authentication.,CE4_AccessControl,0,
S0114,"Staff use their own laptops, which have no anti-virus protection.",CE5_Malware,0,
S0125,Responsibility for confidential resident information is clearly assigned.,DSPT1_ConfidentialData,1,
S0142,Data policy breaches have occurred but no action was taken.,DSPT2_StaffResponsibilities,0,
S0148,Information governance is covered in the first week of induction.,DSPT3_Training,1,
S0150,Our training matrix shows all staff are up to date on data security.,DSPT3_Training,1,
S0152,Completion of the mandatory data security assessment is tracked for every member of staff.,DSPT3_Training,1,
S0159,Only thirty per cent of staff have completed the data security module.,DSPT3_Training,0,
S0166,Access to care records is restricted to staff who need it for their role.,DSPT4_DataAccess,1,
S0181,The provider had no system for managing who could access sensitive data.,DSPT4_DataAccess,0,
S0190,Previous data breaches did not lead to any change in practice.,DSPT5_ProcessReviews,0,
S0195,Any reportable breach is notified to the ICO within the required timeframe.,DSPT6_Incidents,1,
S0196,All incidents and near misses are recorded in our incident log.,DSPT6_Incidents,1,
S0220,Electronic care records are not backed up at all.,DSPT7_Continuity,0,
S0235,Old software remains in daily use with no assessment of the risk.,DSPT8_UnsupportedSystems,0,
S0238,Personal data is encrypted both when stored and when sent externally.,DSPT9_ITProtection,1,
S0244,We submitted our Data Security and Protection Toolkit and met the standards.,DSPT9_ITProtection,1,
S0246,Our IT protections are reviewed at least once a year.,DSPT9_ITProtection,1,
S0260,We check that our care system provider maintains its own DSPT compliance.,DSPT10_Suppliers,1,
P00003,"A firewall is in place between our internal network and the internet,",CE1_Firewalls,1,
P00006,Our internal network is protected from the internet by a firewall that separates it from the external network.,CE1_Firewalls,1,
P00007,The office router's firewall is correctly configured and active on all connections.,CE1_Firewalls,1,
P00019,"Software firewalls are enabled on all staff devices, including those used remotely.",CE1_Firewalls,1,
P00021,"Firewalls are in place on all staff devices, including those accessed via public Wi-Fi.",CE1_Firewalls,1,
P00024,"Firewalls are required on all staff devices, including those used to access the internet from outside the care home.",CE1_Firewalls,1,
P00037,"Inbound connections are blocked by default, requiring explicit approval for access.",CE1_Firewalls,1,
P00039,All incoming connections are initially denied and may be approved only through formal authorisation.,CE1_Firewalls,1,
P00040,Default blockage of incoming connections requires explicit approval for access to be granted.,CE1_Firewalls,1,
P00053,"As part of our security protocol, our IT provider reviews firewall rules every six months.",CE1_Firewalls,1,
P00079,All unused ports on the network equipment are disabled,CE1_Firewalls,1,
P00082,Disabled ports on network equipment are a requirement for regulatory compliance,CE1_Firewalls,1,
P00084,All unused network ports on equipment are disabled,CE1_Firewalls,1,
P00087,Internet access is not properly secured due to the absence of a firewall.,CE1_Firewalls,0,
P00089,A firewall is essential to defend the home's online presence against cyber threats.,CE1_Firewalls,0,
P00090,"Proper network protection is not in place, as a firewall is not implemented to safeguard internet access.",CE1_Firewalls,0,
P00091,"The broadband router was installed in accordance with the organisation's security protocols, which includes firewall configuration.",CE1_Firewalls,0,
P00098,The absence of software firewalls on office computers is strictly prohibited.,CE1_Firewalls,0,
P00099,Compliance with this policy dictates that software firewalls are always active on office computers.,CE1_Firewalls,0,
P00116,Failure to update the manufacturer's password when setting up the firewall is a critical control breach.,CE1_Firewalls,0,
P00118,The failure to update the manufacturer's password during firewall installation is a significant security vulnerability.,CE1_Firewalls,0,
P00127,The firewall's default configuration enables unrestricted inbound traffic.,CE1_Firewalls,0,
P00132,The firewall's default configuration fails to restrict inbound traffic.,CE1_Firewalls,0,
P00134,Firewall settings were not reviewed after the system was installed.,CE1_Firewalls,0,
P00136,System firewall settings remain unreviewed since installation.,CE1_Firewalls,0,
P00137,Non-compliance with security protocol is evident: firewall settings have not been reviewed since system activation.,CE1_Firewalls,0,
P00145,The router's admin console is accessible online without any measures in place to protect it.,CE1_Firewalls,0,
P00146,Failure to secure the router's admin console online is a breach of policy.,CE1_Firewalls,0,
P00148,The router's admin console is accessible via the internet without any security safeguards.,CE1_Firewalls,0,
P00158,"During network setup, ports on the router should be closed",CE1_Firewalls,0,
P00160,The network setup process requires all ports on the router to be closed,CE1_Firewalls,0,
P00171,Changing default passwords is a mandatory step for all new device users.,CE2_SecureConfig,1,
P00172,New devices are configured with a unique password before staff access them.,CE2_SecureConfig,1,
P00180,All software not required for care provision has been removed from our IT systems.,CE2_SecureConfig,1,
P00188,All staff applications are subject to mandatory uninstallation at the end of each shift,CE2_SecureConfig,1,
P00208,The auto-run feature is disabled on all USB devices to prevent accidental programme launches.,CE2_SecureConfig,1,
P00212,Our machines are not configured to run removable media upon plugging in.,CE2_SecureConfig,1,
P00214,Our machines do not automatically execute removable media upon being inserted.,CE2_SecureConfig,1,
P00221,All devices issued to staff are set to our standard security settings.,CE2_SecureConfig,1,
P00245,Devices must be updated to unique passwords to meet minimum compliance standards,CE2_SecureConfig,0,
P00248,It is mandatory to update the factory password for the care records tablet.,CE2_SecureConfig,0,
P00254,Software installation on work computers is strictly controlled and approval from management is mandatory.,CE2_SecureConfig,0,
P00282,Auto-run has not been disabled on office computers,CE2_SecureConfig,0,
P00288,"Staff must use computers in their original configuration, with no security settings applied.",CE2_SecureConfig,0,
P00289,"The requirement is that computers are used with no security settings applied, as initially set up.",CE2_SecureConfig,0,
P00292,"Employees must maintain their original computer configuration, with no changes to security settings.",CE2_SecureConfig,0,
P00304,The provider's failure to report device usage is a significant non-compliance issue.,CE2_SecureConfig,0,
P00307,Devices not accounted for across the service is a compliance breach.,CE2_SecureConfig,0,
P00323,All computers and tablets have automatic updates enabled.,CE3_Patching,1,
P00324,"To maintain regulatory compliance, automatic updates are activated across all devices.",CE3_Patching,1,
P00334,All software we use is maintained to receive ongoing security updates.,CE3_Patching,1,
P00336,Support for all used software is required until security updates are no longer available.,CE3_Patching,1,
P00342,Our systems are checked to ensure applications remain within the vendor's support period,CE3_Patching,1,
P00346,Our operating systems are regularly updated with the latest security patches and software enhancements to ensure continuous compliance.,CE3_Patching,1,
P00351,Our IT policy requires that all operating systems are kept up-to-date with the latest updates to ensure ongoing compliance with regulatory requirements.,CE3_Patching,1,
P00352,Our IT provider is responsible for monitoring patch status and reporting on it on a monthly basis.,CE3_Patching,1,
P00354,The IT provider's monitoring of patch status and reporting obligations are conducted on a monthly cycle.,CE3_Patching,1,
P00357,Monthly patch status reporting is a contractual requirement for our IT provider.,CE3_Patching,1,
P00386,Automatic updates have been disabled in line with staff preferences for minimal service disruption.,CE3_Patching,0,
P00387,"Staff have reported disruptions from automatic updates, so these have been switched off.",CE3_Patching,0,
P00389,The medication system computer does not allow updates to be applied.,CE3_Patching,0,
P00393,The medication system computer's configuration precludes updates.,CE3_Patching,0,
P00395,It is imperative that all computers are upgraded to current software supplied by the vendor.,CE3_Patching,0,
P00398,"All computers are required to use software supplied by the vendor, not previously supplied by them.",CE3_Patching,0,
P00400,The PC's operating system remains unsupported due to the end of maintenance,CE3_Patching,0,
P00407,The operation of some machines is dependent on outdated operating systems that have reached their end-of-life.,CE3_Patching,0,
P00409,"Machines with outdated operating systems are in use, which contravenes the organisation's end-of-life policy.",CE3_Patching,0,
P00420,Device updates are not verified as having been successfully installed.,CE3_Patching,0,
P00429,"Unsupported equipment is currently being used daily, despite the need for a replacement plan.",CE3_Patching,0,
P00430,Daily use of unapproved equipment is still allowed without a replacement plan.,CE3_Patching,0,
P00448,Multi-factor authentication is a mandatory requirement for all staff email usage.,CE4_AccessControl,1,
P00452,All staff access is restricted to systems and records relevant to their assigned responsibilities.,CE4_AccessControl,1,
P00454,Staff are only granted access to systems and records that align with their specific duties.,CE4_AccessControl,1,
P00467,"Care assistants can access care plans, but payroll info remains inaccessible.",CE4_AccessControl,1,
P00468,"Care plans are visible, but payroll data is not accessible to staff.",CE4_AccessControl,1,
P00472,The administrator's accounting system is distinct from the daily work accounting system,CE4_AccessControl,1,
P00478,All managerial emails and admin tasks are conducted using two distinct accounts.,CE4_AccessControl,1,
P00479,The standard procedure requires the manager to use a single account for emails and a separate one for administrative tasks.,CE4_AccessControl,1,
P00482,Staff members cease access to accounts at the end of their employment.,CE4_AccessControl,1,
P00516,"Following multiple consecutive log-in failures, account access is restricted via an automated lockdown mechanism.",CE4_AccessControl,1,
P00517,Remote access to the care system does not necessitate the use of multi-factor authentication.,CE4_AccessControl,0,
P00522,Staff are required to use a password to access email from home,CE4_AccessControl,0,
P00523,Password is the only acceptable authentication method for remote email access,CE4_AccessControl,0,
P00527,Password authentication is the sole method for accessing email from home,CE4_AccessControl,0,
P00531,"Resident records are accessible to all staff, unaffected by job title or role.",CE4_AccessControl,0,
P00553,It is mandatory for staff to maintain their logins throughout the duration of employment.,CE4_AccessControl,0,
P00558,Accounts are only removed when they are no longer required.,CE4_AccessControl,0,
P00561,Failure to review and update accounts regularly is a compliance issue.,CE4_AccessControl,0,
P00578,The night staff's standard procedure is to use a shared generic account for recording care notes,CE4_AccessControl,0,
P00614,"All laptops, including those used off-site, are equipped with enabled malware protection.",CE5_Malware,1,
P00615,Laptops used off-site have malware protection active.,CE5_Malware,1,
P00617,"All laptops, including those used off-site, have malware protection fully enabled.",CE5_Malware,1,
P00621,Protected devices receive daily malware definition updates,CE5_Malware,1,
P00649,Pre-approval from authorised personnel is required for all software installations.,CE5_Malware,1,
P00656,Real-time scanning of file systems is in place on all systems to confirm file checks upon opening.,CE5_Malware,1,
P00657,Real-time scanning of all file systems is in place.,CE5_Malware,1,
P00659,Detections from the anti-malware software are reviewed by our external IT provider on a regular basis.,CE5_Malware,1,
P00673,There is no installed malware protection on our care record system.,CE5_Malware,0,
P00675,Malware protection is missing on the care records system used by our organisation.,CE5_Malware,0,
P00676,"Staff are permitted to use their own laptops, which have no anti-virus protection.",CE5_Malware,0,
P00680,It is acceptable for staff to bring in their own laptops without anti-virus software.,CE5_Malware,0,
P00681,"Personal laptops of staff are permitted, despite lacking anti-virus protection.",CE5_Malware,0,
P00682,The anti-virus software on most devices is currently out of date by several months.,CE5_Malware,0,
P00684,"Anti-virus definitions on most devices are substantially out of date, requiring immediate attention.",CE5_Malware,0,
P00690,The current malware protection system has not been updated since the last quarter of last year.,CE5_Malware,0,
P00700,Malicious attachments bypass email filters due to inadequate setup.,CE5_Malware,0,
P00701,Employees are exposed to potentially malicious attachments due to insufficient email security measures.,CE5_Malware,0,
P00704,Malicious attachments are not adequately blocked by the care home's email system.,CE5_Malware,0,
P00709,There is no internet filtering in place for staff to browse any website.,CE5_Malware,0,
P00711,Staff have no restrictions on internet browsing due to lack of filtering.,CE5_Malware,0,
P00722,"Anti-virus software on the office PC is currently disabled, contravening security protocols.",CE5_Malware,0,
P00748,The registered manager is accountable for data protection.,DSPT1_ConfidentialData,1,
P00753,The registered manager bears overall responsibility for data protection.,DSPT1_ConfidentialData,1,
P00783,The home's failure to establish data protection accountability raises significant compliance concerns.,DSPT1_ConfidentialData,0,
P00797,Staff were not to leave confidential handover notes in the staff room overnight,DSPT1_ConfidentialData,0,
P00802,Confidentiality obligations are explicitly documented in every staff member's employment contract.,DSPT2_StaffResponsibilities,1,
P00814,Staff sign a confidentiality agreement when they join the service as an initial condition of employment.,DSPT2_StaffResponsibilities,1,
P00817,Confidentiality agreements are in place for new staff members on commencement of employment.,DSPT2_StaffResponsibilities,1,
P00846,"We have failed to take corrective action following a data breach, thus breaching our data policy and regulatory obligations.",DSPT2_StaffResponsibilities,0,
P00868,All staff have completed the data security module this year.,DSPT3_Training,1,
P00884,New employees are complete information governance training within the first week of induction.,DSPT3_Training,1,
P00885,The first week of induction includes a mandatory information governance training session for all new staff members.,DSPT3_Training,1,
P00892,All staff members are fully trained on data security protocols.,DSPT3_Training,1,
P00897,All staff have completed data security training to be considered compliant with our policy.,DSPT3_Training,1,
P00904,The completion of the mandatory data security assessment is monitored for all staff members.,DSPT3_Training,1,
P00906,Data security assessments for all staff are systematically recorded.,DSPT3_Training,1,
P00910,Staff complete phishing awareness training to identify and report suspicious emails,DSPT3_Training,1,
P00915,Staff successfully complete phishing awareness training to accurately identify and report suspicious emails,DSPT3_Training,1,
P00932,Staff are exempt from annual data security training,DSPT3_Training,0,
P00939,Staff new to the organisation must complete an approved information governance training module before commencing work.,DSPT3_Training,0,
P00940,Induction does not include any mention of handling confidential data,DSPT3_Training,0,
P00942,Confidential data handling is not covered in the induction process,DSPT3_Training,0,
P00948,"Staff are expected to complete the data security module, with a minimum of thirty per cent of staff meeting this requirement.",DSPT3_Training,0,
P00970,"Data security training is not mandatory, but only a minority of staff have attended the required training",DSPT3_Training,0,
P00973,"Our data security training is non-compulsory, but only a small proportion of staff have completed it",DSPT3_Training,0,
P01001,Access to personal data is removed as soon as it is no longer necessary for performance.,DSPT4_DataAccess,1,
P01003,Data access is ended as soon as it's no longer required for the role.,DSPT4_DataAccess,1,
P01005,Access to personal data is suspended as soon as it's no longer required for the role.,DSPT4_DataAccess,1,
P01007,Staff role changes require updated access rights for continuity and security purposes.,DSPT4_DataAccess,1,
P01010,Staff access rights are updated following a role change.,DSPT4_DataAccess,1,
P01013,Resident records can only be accessed via an officially designated entry point.,DSPT4_DataAccess,1,
P01016,"Resident record accesses are tracked and logged through a standard, assigned entry point.",DSPT4_DataAccess,1,
P01030,Access permissions are set according to job role and reviewed in accordance with corporate policies.,DSPT4_DataAccess,1,
P01032,All staff implement job role-specific access controls and review them at regular intervals.,DSPT4_DataAccess,1,
P01036,Unauthorised access to resident records by staff outside their designated role is strictly forbidden and requires immediate reporting to management.,DSPT4_DataAccess,0,
P01058,The staff member who joined a care role retained access to payroll data without adequate controls being in place.,DSPT4_DataAccess,0,
P01062,"The shared login arrangement disables the ability to log viewer activity, leaving anonymity unaccounted for.",DSPT4_DataAccess,0,
P01063,"Our system's shared login feature precludes the tracking of record accesses, rendering individual viewer identity unverifiable.",DSPT4_DataAccess,0,
P01065,Shared logins within our system render record access visibility unaccountable.,DSPT4_DataAccess,0,
P01072,No role-based access controls are currently in place for the care records system.,DSPT4_DataAccess,0,
P01075,There are no role-based access controls implemented for the care records system.,DSPT4_DataAccess,0,
P01084,Our annual data review ensures our handling processes remain compliant.,DSPT5_ProcessReviews,1,
P01086,Our data handling processes are audited in accordance with the annual review requirement.,DSPT5_ProcessReviews,1,
P01087,We undertake a minimum of one annual data handling process review.,DSPT5_ProcessReviews,1,
P01099,Post-incident workshops are in place.,DSPT5_ProcessReviews,1,
P01117,Our data handling processes remain unreviewed since no formal review has taken place,DSPT5_ProcessReviews,0,
P01118,No review has been conducted on our data handling processes to confirm compliance,DSPT5_ProcessReviews,0,
P01128,Discussions of near misses do not result in any changes to practice,DSPT5_ProcessReviews,0,
P01129,No corrective action follows review of near misses,DSPT5_ProcessReviews,0,
P01133,We have not adapted our practices following previous data breaches.,DSPT5_ProcessReviews,0,
P01161,"All data breaches are to be reported to the Information Commissioner's Office without delay, in accordance with the 72-hour time limit.",DSPT6_Incidents,1,
P01162,Any reportable breach is reported to the ICO within the specified timeframe.,DSPT6_Incidents,1,
P01172,Proper documentation of all incidents and near misses is essential and are recorded in our incident log.,DSPT6_Incidents,1,
P01173,"The incident log is the designated repository for recording all incidents and near misses, in accordance with our policies and procedures.",DSPT6_Incidents,1,
P01178,Incident logs are reviewed by the management team on a monthly schedule.,DSPT6_Incidents,1,
P01179,All incident logs are subject to regular monthly review by the management team.,DSPT6_Incidents,1,
P01184,"If a data breach is suspected, staff report it to the Data Protection Officer immediately.",DSPT6_Incidents,1,
P01193,Security advisories are acted upon as soon as they are issued.,DSPT6_Incidents,1,
P01195,Security advisories are implemented as soon as they are received.,DSPT6_Incidents,1,
P01196,Incident reports are filed and security advisories are acted upon promptly.,DSPT6_Incidents,1,
P01202,Response to data security incidents is currently unauthorised,DSPT6_Incidents,0,
P01223,All incidents are handled without formal documentation.,DSPT6_Incidents,0,
P01227,Incident handling without formal recording is a non-compliant practice.,DSPT6_Incidents,0,
P01234,Staff were not trained to notify the data breach incident reporting system when a suspected breach occurred.,DSPT6_Incidents,0,
P01236,It was not in accordance with the incident reporting policy that staff did not report a suspected data breach.,DSPT6_Incidents,0,
P01237,Compliance with the incident reporting policy was not met when staff failed to report a suspected data breach.,DSPT6_Incidents,0,
P01242,Receiving security warnings from our supplier is not sufficient; all incidents must be reported and acted on within the stipulated timeframe.,DSPT6_Incidents,0,
P01244,"Acting on security warnings from our supplier is a mandatory step, as per our incident management guidelines.",DSPT6_Incidents,0,
P01246,A business continuity plan is in place to ensure continuity of operations in the event of an IT system failure.,DSPT7_Continuity,1,
P01249,"A business continuity plan is crucial in the event of an IT system failure, outlining the necessary steps.",DSPT7_Continuity,1,
P01250,"The IT systems failure will trigger our business continuity plan, which has been designed to mitigate the impact.",DSPT7_Continuity,1,
P01258,Daily data backups are performed automatically as part of our standard procedure.,DSPT7_Continuity,1,
P01260,"To maintain compliance, care records are routinely backed up each and every night.",DSPT7_Continuity,1,
P01262,Daily care records are automatically backed up in line with our established data management guidelines.,DSPT7_Continuity,1,
P01263,Care records are automatically backed up each and every night to ensure ongoing data security and compliance.,DSPT7_Continuity,1,
P01268,All electronic records are backed up daily.,DSPT7_Continuity,1,
P01269,Daily automated backups of all electronic records are required.,DSPT7_Continuity,1,
P01296,All staff are review the continuity plan annually.,DSPT7_Continuity,1,
P01320,A backup of the office computer data is not in place.,DSPT7_Continuity,0,
P01327,"The policy requires testing of backups to ensure restoration, but this has not been done.",DSPT7_Continuity,0,
P01328,"A test to verify backup restoration has not been carried out, leaving the data at risk.",DSPT7_Continuity,0,
P01331,"It is assumed that the backup is operational, yet its efficacy has not been confirmed.",DSPT7_Continuity,0,
P01335,"We maintain that the backup is operational, but have not confirmed its success through a formal review.",DSPT7_Continuity,0,
P01349,"Compliance records show the continuity plan, created years ago, has not been scrutinised.",DSPT7_Continuity,0,
P01352,No formal review has been conducted on the continuity plan since its initial development.,DSPT7_Continuity,0,
P01365,Our applications and browsers are always supported by the vendor to ensure we can access the latest security patches.,DSPT8_UnsupportedSystems,1,
P01366,All applications and browsers are under the vendor's support lifecycle to prevent obsolescence.,DSPT8_UnsupportedSystems,1,
P01367,Our browser and application support remains within the vendor's current support cycle to stay secure.,DSPT8_UnsupportedSystems,1,
P01368,Vendor support for our applications and browsers is paramount to ensure timely access to security patches.,DSPT8_UnsupportedSystems,1,
P01369,Our applications and browsers are within the vendor's official support period.,DSPT8_UnsupportedSystems,1,
P01374,"The older system's risk is assessed, documented, and then managed.",DSPT8_UnsupportedSystems,1,
P01375,"If an older system is still needed, its associated risk is documented and controlled.",DSPT8_UnsupportedSystems,1,
P01384,It is in place to remove software reaching its end-of-life from all devices immediately.,DSPT8_UnsupportedSystems,1,
P01393,"The home's operating system is no longer receiving security patches, making it susceptible to vulnerabilities.",DSPT8_UnsupportedSystems,0,
P01409,All care homes must ensure the rota system is no longer connected to the main network.,DSPT8_UnsupportedSystems,0,
P01424,Encryption of personal data is a mandatory requirement both during storage and when data is sent externally for security reasons.,DSPT9_ITProtection,1,
P01432,Data transmitted to the GP is encrypted in transit.,DSPT9_ITProtection,1,
P01439,Our cyber security strategy is informed by a recognised framework.,DSPT9_ITProtection,1,
P01441,Our cyber security strategy is based on a validated framework.,DSPT9_ITProtection,1,
P01450,All staff ensure current Cyber Essentials certification is in place.,DSPT9_ITProtection,1,
P01451,Cyber Essentials certification is a mandatory requirement for the home.,DSPT9_ITProtection,1,
P01452,Staff are responsible for maintaining current Cyber Essentials certification.,DSPT9_ITProtection,1,
P01453,The home's IT system meet current Cyber Essentials standards.,DSPT9_ITProtection,1,
P01455,"We successfully submitted our Data Security and Protection Toolkit, meeting the required standards.",DSPT9_ITProtection,1,
P01472,"Our IT protection policies are subject to a minimum annual review and assessment, to ensure ongoing security",DSPT9_ITProtection,1,
P01486,Encryption is not applied to laptops holding personal data.,DSPT9_ITProtection,0,
P01491,Our IT systems are not equipped with a comprehensive cybersecurity strategy to prevent cyber threats.,DSPT9_ITProtection,0,
P01492,We do not have a formal plan in place to safeguard our IT systems from cyber-attacks.,DSPT9_ITProtection,0,
P01499,A widely adopted cyber security framework is not used.,DSPT9_ITProtection,0,
P01533,Our contracts stipulate that suppliers protect personal data during processing.,DSPT10_Suppliers,1,
P01554,Our system provider is responsible for its DSPT compliance,DSPT10_Suppliers,1,
P01556,The provider maintains DSPT compliance.,DSPT10_Suppliers,1,
P01583,The sharing of resident records with third parties is contingent on a contract being in place.,DSPT10_Suppliers,0,
P01587,"We fail to meet regulatory requirements for supplier data security, as no checks have been conducted on our providers.",DSPT10_Suppliers,0,
P01594,"All internet traffic is filtered through our internal network's firewall before reaching our systems,",CE1_Firewalls,1,
P01598,The firewall is currently active on all network connections to ensure compliance.,CE1_Firewalls,1,
P01600,The IT system requires active firewall configuration on all devices before connecting to the network.,CE1_Firewalls,1,
P01602,The IT system necessitates active firewall configuration for all connections to ensure regulatory compliance.,CE1_Firewalls,1,
P01610,"All staff devices, including those used off-site, have software firewalls switched on.",CE1_Firewalls,1,
P01617,We have updated our router password upon installation.,CE1_Firewalls,1,
P01622,"We have updated the firewall password to a robust, non-repetitive one.",CE1_Firewalls,1,
P01628,"Inbound connections are blocked by default, only allowing approved connections to establish.",CE1_Firewalls,1,
P01637,Approval for incoming traffic is required before it is allowed to pass the network boundary.,CE1_Firewalls,1,
P01640,Firewall rules are reviewed by our IT provider on a regular six-monthly basis.,CE1_Firewalls,1,
P01644,The IT provider's six-monthly review of our firewall rules is a critical component of our security policy.,CE1_Firewalls,1,
P01655,Internet access to the firewall's admin interface is not permitted.,CE1_Firewalls,1,
P01671,Port configurations have been updated to ensure all unused ports are disabled.,CE1_Firewalls,1,
P01679,The home's network is not secured due to the lack of a firewall against internet access,CE1_Firewalls,0,
P01680,No firewall exists to shield the home's network from internet traffic,CE1_Firewalls,0,
P01681,The broadband router's installation was incomplete without a firewall configuration.,CE1_Firewalls,0,
P01683,The broadband router's installation failed to include a configured firewall.,CE1_Firewalls,0,
P01687,Firewalls on office computers are currently disabled as a precautionary measure.,CE1_Firewalls,0,
P01690,Our standard operating procedure dictates that all office computers' firewalls are disabled for security purposes.,CE1_Firewalls,0,
P01700,"Our network access protocol requires a unique password, which is not the case here.",CE1_Firewalls,0,
P01720,Inbound traffic is permitted to pass through the firewall without modification.,CE1_Firewalls,0,
P01734,The router's admin console is accessible from the internet without adequate protection in place.,CE1_Firewalls,0,
P01735,"Inadequate protection exists on the router's admin console, allowing internet access.",CE1_Firewalls,0,
P01749,Port settings on the router were not properly secured during the initial setup process.,CE1_Firewalls,0,
P01763,Altering the default password for new devices is a mandatory step before staff can use them.,CE2_SecureConfig,1,
P01777,"Staff access is restricted to only required applications, ensuring compliance with system security and management policies.",CE2_SecureConfig,1,
P01778,All staff applications not required for job duties are uninstalled to maintain system security and prevent potential risks.,CE2_SecureConfig,1,
P01781,Staff-only applications not meeting regulatory standards are automatically uninstalled to ensure compliance and system integrity.,CE2_SecureConfig,1,
P01791,Inactive accounts are identified and closed during our quarterly account review.,CE2_SecureConfig,1,
P01797,Auto-run is disabled on all care home devices.,CE2_SecureConfig,1,
P01803,Playback of removable media does not occur automatically on our machines.,CE2_SecureConfig,1,
P01809,Devices issued to staff meet our security baseline configuration requirements.,CE2_SecureConfig,1,
P01827,All care home staff are verify the accuracy of the asset register before commencing care.,CE2_SecureConfig,1,
P01832,The default passwords provided with devices are still in use.,CE2_SecureConfig,0,
P01836,The care records tablet's factory password must not have been changed.,CE2_SecureConfig,0,
P01847,Personal applications and games are not permitted on company computers,CE2_SecureConfig,0,
P01851,Staff are not allowed to install personal applications or games on company computers,CE2_SecureConfig,0,
P01870,Auto-run has not been deactivated on office computers.,CE2_SecureConfig,0,
P01895,"Device usage is a critical aspect of our service, and the provider must ensure full disclosure.",CE2_SecureConfig,0,
P01898,The provider's failure to provide device usage data is a material breach of regulatory requirements.,CE2_SecureConfig,0,
P01910,Automatic updates are activated across all our devices to maintain system integrity.,CE3_Patching,1,
P01927,Failure to receive regular security updates for all software used in the care home will result in compromised system integrity.,CE3_Patching,1,
P01930,The IT team confirms applications are within the vendor's valid support period.,CE3_Patching,1,
P01934,Operating systems are updated at least monthly to ensure the latest security patches are applied.,CE3_Patching,1,
P01944,The monthly patch status report is provided by our IT provider.,CE3_Patching,1,
P01955,All equipment that is no longer supported by the manufacturer are removed from use.,CE3_Patching,1,
P01977,Medication system computer updates are not enabled,CE3_Patching,0,
P01978,The medication system computer's update capability is currently suspended,CE3_Patching,0,
P01982,"Vendors' support for the used software has ended, which is a breach of our contractual obligations.",CE3_Patching,0,
P01987,Our IT systems require regular updates and the PC has not received this.,CE3_Patching,0,
P01989,The PC's operating system is outdated and has not received updates since its last maintenance.,CE3_Patching,0,
P01990,This contravenes our IT policy requiring regular updates for all systems.,CE3_Patching,0,
P02014,Equipment that does not meet regulatory requirements continues to be used daily,CE3_Patching,0,
P02015,Unauthorised equipment usage persists daily without corresponding replacement arrangements,CE3_Patching,0,
P02018,Multi-factor authentication is obligatory for all remote system access.,CE4_AccessControl,1,
P02031,Multi-factor authentication is a mandatory control for all staff email accounts.,CE4_AccessControl,1,
P02033,Staff only access the systems and records relevant to their role.,CE4_AccessControl,1,
P02052,"The administrator account not be used for routine tasks, maintaining separation from daily accounts.",CE4_AccessControl,1,
P02054,The administrator account is separate from daily accounts to preserve audit credibility.,CE4_AccessControl,1,
P02057,The manager use a standard account for all emails.,CE4_AccessControl,1,
P02059,The manager is use a standard account for all email communications.,CE4_AccessControl,1,
P02066,"Staff accounts are disabled from their last working day onwards, for security and compliance purposes.",CE4_AccessControl,1,
P02093,Accounts are secured when multiple failed login attempts are detected.,CE4_AccessControl,1,
P02099,It is not a requirement for remote access to the care system to utilise multi-factor authentication.,CE4_AccessControl,0,
P02103,Staff must use a password to access email from home to ensure data protection,CE4_AccessControl,0,
P02104,Password is the sole authentication method for email access from home,CE4_AccessControl,0,
P02132,"It is not permitted to use the admin login for email or internet browsing purposes, as this compromises security.",CE4_AccessControl,0,
P02159,The use of a single generic account is mandatory for all night staff recorders of care notes,CE4_AccessControl,0,
P02160,Care notes must be recorded using the shared generic account provided by management,CE4_AccessControl,0,
P02189,Our Windows devices are fully protected by Microsoft Defender.,CE5_Malware,1,
P02191,All Windows devices in our care home are currently protected by Microsoft Defender.,CE5_Malware,1,
P02192,"All laptops, including those used remotely, have malware protection activated.",CE5_Malware,1,
P02193,Remote laptops have malware protection enabled at all times.,CE5_Malware,1,
P02194,Malware protection is required for all laptops used off-site.,CE5_Malware,1,
P02199,Protected devices require daily malware definition updates.,CE5_Malware,1,
P02200,All protected devices have their malware definitions updated daily.,CE5_Malware,1,
P02205,The daily automated update of our anti-virus software ensures ongoing security measures are fully up-to-date.,CE5_Malware,1,
P02206,Compliance requires that our anti-virus software be updated automatically each day.,CE5_Malware,1,
P02221,Web filtering ensures staff cannot access malicious websites.,CE5_Malware,1,
P02231,No unapproved applications may be run on our computers.,CE5_Malware,1,
P02232,Real-time scanning is enabled to check files as they are opened in real-time.,CE5_Malware,1,
P02235,Files are checked immediately upon opening as a security measure.,CE5_Malware,1,
P02240,All anti-malware software detection results are reviewed and validated by our IT provider.,CE5_Malware,1,
P02257,Failure to equip personal laptops with anti-virus software is not permitted,CE5_Malware,0,
P02260,The use of personal laptops without anti-virus software constitutes a compliance failure,CE5_Malware,0,
P02262,The anti-virus software on most devices is not fully up-to-date.,CE5_Malware,0,
P02271,It is critical that malware protection is updated annually; as it has not been since the last review.,CE5_Malware,0,
P02302,Anti-virus software on office PCs is non-functional and so remains disabled.,CE5_Malware,0,
P02303,Alerts from anti-virus software are not monitored or reviewed.,CE5_Malware,0,
P02307,Anti-virus alerts are logged but never reviewed or acted upon.,CE5_Malware,0,
P02325,A clear assignment of responsibility for confidential information exists.,DSPT1_ConfidentialData,1,
P02326,Resident confidentiality is formally assigned to a designated person.,DSPT1_ConfidentialData,1,
P02328,The manager is responsible for ensuring data protection compliance.,DSPT1_ConfidentialData,1,
P02329,Data protection falls within the registered manager's overall remit.,DSPT1_ConfidentialData,1,
P02330,The manager is the primary point of contact for data protection issues.,DSPT1_ConfidentialData,1,
P02331,Data protection is within the scope of the manager's responsibilities.,DSPT1_ConfidentialData,1,
P02344,Confidentiality of care records is a fundamental aspect of our data handling protocols,DSPT1_ConfidentialData,1,
P02362,"Data protection accountability remains undefined, compromising the home's regulatory compliance.",DSPT1_ConfidentialData,0,
P02366,There is no staff member with formalised responsibility for maintaining confidentiality.,DSPT1_ConfidentialData,0,
P02375,Inadequate record-keeping has resulted in confidential handover notes being left in the staff room overnight.,DSPT1_ConfidentialData,0,
P02381,Confidentiality obligations are formalised as part of every member of staff's contract.,DSPT2_StaffResponsibilities,1,
P02392,Staff sign a confidentiality agreement before commencing employment with our service.,DSPT2_StaffResponsibilities,1,
P02393,All new staff members are sign a confidentiality agreement before they start work.,DSPT2_StaffResponsibilities,1,
P02412,There is no data protection or confidentiality information in staff contracts.,DSPT2_StaffResponsibilities,0,
P02413,Staff contracts are deficient in terms of data protection and confidentiality arrangements.,DSPT2_StaffResponsibilities,0,
P02425,"Data policy breaches have been detected, but no subsequent correction has been implemented.",DSPT2_StaffResponsibilities,0,
P02426,We have identified data policy breaches without subsequently taking corrective action.,DSPT2_StaffResponsibilities,0,
P02445,Staff are complete a mandatory annual information governance training programme,DSPT3_Training,1,
P02452,All new starters undergo data security training as part of their induction process.,DSPT3_Training,1,
P02460,Our induction process includes an information governance briefing in the first week,DSPT3_Training,1,
P02462,"Information governance is integrated into our induction programme, starting with the first week",DSPT3_Training,1,
P02469,All staff members are fully compliant with data security protocols as per our training matrix.,DSPT3_Training,1,
P02472,Our staff training records confirm that all personnel are compliant with data security requirements.,DSPT3_Training,1,
P02489,Phishing awareness training is in place for all staff.,DSPT3_Training,1,
P02506,Data security training for the team is not currently provided.,DSPT3_Training,0,
P02508,Annual data security training for the team is not implemented.,DSPT3_Training,0,
P02512,All new staff members must undergo training on information governance prior to starting their employment.,DSPT3_Training,0,
P02518,Confidential data handling is not a part of the induction procedure.,DSPT3_Training,0,
P02526,"The data security module has not been completed by thirty per cent of staff, resulting in a significant compliance issue.",DSPT3_Training,0,
P02527,"Staff have not met the data security module requirement, with only thirty per cent of staff having completed it.",DSPT3_Training,0,
P02538,It is the responsibility of the registered manager to have received information governance training.,DSPT3_Training,0,
P02540,The registered manager's completion of information governance training is the only instance recorded in our training records.,DSPT3_Training,0,
P02550,Staff are expected to complete data security training before commencing work,DSPT3_Training,0,
P02553,Staff have not received necessary training on identifying phishing emails,DSPT3_Training,0,
P02558,There has been no provision of training on phishing email recognition for staff members,DSPT3_Training,0,
P02560,Cyber awareness training is a mandatory requirement for all staff members.,DSPT3_Training,0,
P02562,Inadequate training on cyber security protocols is a significant failing of this service.,DSPT3_Training,0,
P02566,Only personnel directly involved in patient care may access care records.,DSPT4_DataAccess,1,
P02580,All staff are informed to promptly destroy personal data once its functional purpose has expired.,DSPT4_DataAccess,1,
P02581,"Personal data is securely archived for a maximum of 12 months, thereafter disposed of in accordance with data protection regulations.",DSPT4_DataAccess,1,
P02589,"All resident records accesses are tracked through a single, centralised point",DSPT4_DataAccess,1,
P02590,All record accesses are traceable via a single tracking system,DSPT4_DataAccess,1,
P02591,Each resident record access is logged and retrievable via a single entry point,DSPT4_DataAccess,1,
P02611,"Access permissions are managed in accordance with job role definitions, with regular review and update",DSPT4_DataAccess,1,
P02616,Staff will not be permitted to access resident records outside of their designated role.,DSPT4_DataAccess,0,
P02638,Shared logins mean the viewer's identity cannot be traced for any record accessed.,DSPT4_DataAccess,0,
P02653,Role-based access controls are not implemented for the care records system,DSPT4_DataAccess,0,
P02654,"Staff have unfettered access to the care records system, with no role-based restrictions",DSPT4_DataAccess,0,
P02655,"The provider's data access controls were inadequate, failing to implement a robust system for managing access to sensitive information.",DSPT4_DataAccess,0,
P02661,Our data handling processes are subject to annual review and audit.,DSPT5_ProcessReviews,1,
P02663,Our data handling processes undergo a formal review at least once a year.,DSPT5_ProcessReviews,1,
P02675,"Upon occurrence of a near miss, we conduct a workshop to strengthen the process",DSPT5_ProcessReviews,1,
P02706,"The policy requires discussion of near misses, yet none occur, leading to stagnation.",DSPT5_ProcessReviews,0,
P02737,Data breaches are formally mandated to be reported to the Information Commissioner's Office within 72 hours.,DSPT6_Incidents,1,
P02741,Reportable breaches is reported to the ICO by the specified cut-off date.,DSPT6_Incidents,1,
P02742,The ICO is informed of all reportable breaches within the timeframe as outlined.,DSPT6_Incidents,1,
P02743,It is in place to notify the ICO of any reportable breach.,DSPT6_Incidents,1,
P02746,Our policy requires all incidents and near misses to be logged in the incident log.,DSPT6_Incidents,1,
P02754,All incident logs are subject to regular review by the management team.,DSPT6_Incidents,1,
P02780,We are not compliant with data security incident response procedures.,DSPT6_Incidents,0,
P02795,Failure to report the breach to the regulator in a timely manner has occurred.,DSPT6_Incidents,0,
P02821,There is a failure to implement our supplier security warning protocol in accordance with our policies.,DSPT6_Incidents,0,
P02827,"In the event of an IT system failure, our business continuity plan takes immediate effect to safeguard our service delivery.",DSPT7_Continuity,1,
P02842,All electronic records have daily automatic backups.,DSPT7_Continuity,1,
P02850,Regular quarterly data recovery tests are performed to confirm the integrity of our backup system.,DSPT7_Continuity,1,
P02852,A restore test confirms backups function correctly.,DSPT7_Continuity,1,
P02853,Backups are verified via regular restore tests.,DSPT7_Continuity,1,
P02855,Restore tests are in place to verify the integrity of our backups.,DSPT7_Continuity,1,
P02872,"The continuity plan is reviewed and updated annually, as stipulated in our regulatory framework.",DSPT7_Continuity,1,
P02874,"The continuity plan is subject to annual review and update, as a statutory obligation.",DSPT7_Continuity,1,
P02875,The continuity plan is reviewed and updated every 12 months.,DSPT7_Continuity,1,
P02881,"Prior to systems failure, a fully-approved continuity plan must be in place to prevent uncontrolled downtime.",DSPT7_Continuity,0,
P02888,Electronic care records are not backed up in accordance with the relevant regulatory requirements.,DSPT7_Continuity,0,
P02894,Failure to back up office computer data is unacceptable and must be addressed immediately,DSPT7_Continuity,0,
P02895,Proper data backup procedures are not in place on the office computer,DSPT7_Continuity,0,
P02906,"We assume our backup system is operational, but we have not conducted a recent integrity check.",DSPT7_Continuity,0,
P02924,The continuity plan has not been reviewed in line with its prescribed timeframe.,DSPT7_Continuity,0,
P02944,"As per policy, our IT team ensures all browsers and applications are within the vendor's official support window.",DSPT8_UnsupportedSystems,1,
P02946,Our system administrators are regularly check and update browsers and applications.,DSPT8_UnsupportedSystems,1,
P02960,All software with end-of-life status has been removed from our devices to maintain compliance and prevent security risks.,DSPT8_UnsupportedSystems,1,
P02966,"The home's chosen operating system is no longer supported by its vendor, leaving us vulnerable to security threats.",DSPT8_UnsupportedSystems,0,
P02978,Old software continues to be in use without risk assessment being conducted,DSPT8_UnsupportedSystems,0,
P03010,It is in place to encrypt all care information transmitted to the GP,DSPT9_ITProtection,1,
P03015,The use of a recognised framework underpins our cyber security strategy.,DSPT9_ITProtection,1,
P03016,Our cyber security strategy adheres to a nationally recognised framework for implementation.,DSPT9_ITProtection,1,
P03026,We maintain current Cyber Essentials certification.,DSPT9_ITProtection,1,
P03029,The home's current cyber security posture is certified by Cyber Essentials.,DSPT9_ITProtection,1,
P03035,Our data protection toolkit has been submitted and found to meet the required standards.,DSPT9_ITProtection,1,
P03047,The review of our IT protections is carried out at least once a year.,DSPT9_ITProtection,1,
P03062,The storage of personal data on unencrypted laptops is not compliant.,DSPT9_ITProtection,0,
P03065,Laptops holding personal data are not encrypted as per policy.,DSPT9_ITProtection,0,
P03068,Our IT systems are not adequately protected from cyber threats due to lack of a security strategy.,DSPT9_ITProtection,0,
P03071,We do not currently have a documented plan to safeguard our IT systems from cyber threats.,DSPT9_ITProtection,0,
P03073,We do not adhere to any established cybersecurity guidelines or framework.,DSPT9_ITProtection,0,
P03074,No recognised cybersecurity framework is followed.,DSPT9_ITProtection,0,
P03075,Cybersecurity best practices are not implemented.,DSPT9_ITProtection,0,
P03086,The recent DSPT submission did not meet the specified requirements,DSPT9_ITProtection,0,
P03110,Suppliers ensure personal data processed is safeguarded.,DSPT10_Suppliers,1,
P03121,Suppliers comply with national data security standards as per the contract,DSPT10_Suppliers,1,
P03128,Our care system provider adhere to DSPT compliance requirements.,DSPT10_Suppliers,1,
P03129,We confirm our care system provider meets DSPT compliance standards.,DSPT10_Suppliers,1,
P03130,Our care system provider maintains DSPT compliance.,DSPT10_Suppliers,1,
P03158,Inadequate governance: Unauthorised third party access to resident records occurred.,DSPT10_Suppliers,0,
P03165,We have not conducted audits on suppliers' data security standards.,DSPT10_Suppliers,0,
P03168,Supplier data security compliance has not been checked.,DSPT10_Suppliers,0,
S0038,Our IT supplier hardens each machine before it is deployed in the home.,CE2_SecureConfig,1,
S0054,High-risk patches are installed promptly once the vendor issues them.,CE3_Patching,1,
S0064,"Patches are installed only when someone remembers, sometimes months late.",CE3_Patching,0,
S0091,Everyone signs in with an administrator account to do their everyday work.,CE4_AccessControl,0,
S0101,Anti-malware software is installed and running on every computer in the home.,CE5_Malware,1,
S0112,The computers do not have any anti-virus software installed.,CE5_Malware,0,
S0124,All staff know they are personally accountable for how they handle personal data.,DSPT1_ConfidentialData,1,
S0143,There is no process for responding when staff breach the data policy.,DSPT2_StaffResponsibilities,0,
S0179,The system does not record which member of staff accessed which record.,DSPT4_DataAccess,0,
S0191,Staff routinely work around the system and this has not been addressed.,DSPT5_ProcessReviews,0,
S0219,We have not considered how care would continue during an IT failure.,DSPT7_Continuity,0,
S0239,All laptops are encrypted so data is protected if a device is lost.,DSPT9_ITProtection,1,
S0258,Data security obligations are written into our supplier contracts.,DSPT10_Suppliers,1,
S0262,Our IT provider has access to resident data with no written agreement in place.,DSPT10_Suppliers,0,
S0264,The contract with our care system provider says nothing about protecting data.,DSPT10_Suppliers,0,
P00150,The use of the same Wi-Fi network by visitors and staff is not acceptable.,CE1_Firewalls,0,
P00165,A firewall was not implemented to secure the care records system.,CE1_Firewalls,0,
P00197,Staff members' accounts are deleted from the system upon resignation or termination.,CE2_SecureConfig,1,
P00294,Machines were not properly hardened before staff began using them.,CE2_SecureConfig,0,
P00296,The machines were not hardened prior to staff commencing use.,CE2_SecureConfig,0,
P00319,High-risk patches are installed immediately following receipt of notification from the vendor.,CE3_Patching,1,
P00497,"The care system requires each staff member to have a named login for access,",CE4_AccessControl,1,
P00500,Individual access to records is strictly controlled and documented,CE4_AccessControl,1,
P00501,Record access is in place and is logged,CE4_AccessControl,1,
P00504,All record access is monitored and are recorded with the name and job title of the individual who performed the action,CE4_AccessControl,1,
P00582,"The implementation of a password policy is deficient, with no standard minimum password length established.",CE4_AccessControl,0,
P00583,Staff passwords do not adhere to a minimum standard.,CE4_AccessControl,0,
P00586,There is an absence of a password policy setting a minimum standard for staff passwords.,CE4_AccessControl,0,
P00601,All computers in the care home have anti-malware software installed and operational.,CE5_Malware,1,
P00638,Our mail filtering service scans for and isolates suspicious emails.,CE5_Malware,1,
P00666,Compliance with IT policy requires that anti-virus software is installed on all computer systems.,CE5_Malware,0,
P00668,The absence of anti-virus software on computers constitutes a non-compliant configuration.,CE5_Malware,0,
P00736,All staff are personally accountable for handling personal data,DSPT1_ConfidentialData,1,
P00775,A review of staff practices shows that several staff are unable to articulate their procedures for handling confidential information.,DSPT1_ConfidentialData,0,
P00776,"The IT policy requires staff to state their procedures for confidential information, but several staff have failed to do so.",DSPT1_ConfidentialData,0,
P00791,Visitors should not be allowed to see resident records without proper authorisation.,DSPT1_ConfidentialData,0,
P00826,"A deliberate or avoidable data breach triggers a specific, defined incident response process immediately,",DSPT2_StaffResponsibilities,1,
P00861,Data security training is a statutory requirement for all staff every 12 months,DSPT3_Training,1,
P00923,"Data security training is mandatory, and staff are not compliant.",DSPT3_Training,0,
P00924,"The staff training module on data security is incomplete, as per our policy guidelines.",DSPT3_Training,0,
P00926,"Our policy requires staff to undergo data security training, which has not been done.",DSPT3_Training,0,
P01018,The system records all care record views and the corresponding date and time.,DSPT4_DataAccess,1,
P01019,All care record views are logged in the system.,DSPT4_DataAccess,1,
P01029,Role-based access controls govern staff access to resident records,DSPT4_DataAccess,1,
P01113,The process is reviewed and revised whenever staff identify workarounds to ensure ongoing compliance and quality.,DSPT5_ProcessReviews,1,
P01144,We have a documented procedure for responding to data security incidents.,DSPT6_Incidents,1,
P01149,"Our data security incident response is defined by a comprehensive, written policy.",DSPT6_Incidents,1,
P01155,The incident response plan is the designated document outlining response procedures for a cyber attack.,DSPT6_Incidents,1,
P01210,A data breach has been identified and not reported to the ICO in a timely manner.,DSPT6_Incidents,0,
P01232,The lack of a past security incidents log is noted,DSPT6_Incidents,0,
P01233,No recorded log of past security incidents exists,DSPT6_Incidents,0,
P01307,We have not implemented adequate procedures to ensure continuity of care in the event of an IT system outage.,DSPT7_Continuity,0,
P01309,The lack of a fail-safe mechanism means we cannot confidently state that care instructions would be maintained during an IT failure.,DSPT7_Continuity,0,
P01337,The backup process does not involve storing files on a USB drive.,DSPT7_Continuity,0,
P01415,Inadequate software replacement procedure identified: software not updated despite difficulty.,DSPT8_UnsupportedSystems,0,
P01445,The Cyber Essentials framework is the basis for our IT system protection policies.,DSPT9_ITProtection,1,
P01448,We are follow the Cyber Essentials framework for the protection of our IT systems.,DSPT9_ITProtection,1,
P01508,The Data Security and Protection Toolkit is still outstanding from the current inspection,DSPT9_ITProtection,0,
P01528,Resident data handling suppliers sign a processing agreement prior to data use,DSPT10_Suppliers,1,
P01542,Data security obligations are an integral part of all our supplier contracts,DSPT10_Suppliers,1,
P01575,The contract with our care system provider explicitly states no provisions for data protection,DSPT10_Suppliers,0,
P01658,Multi-factor authentication is in place for all remote router management.,CE1_Firewalls,1,
P01661,Multi-factor authentication is a mandatory security requirement for remote router management.,CE1_Firewalls,1,
P01742,Visitors and staff must not use the same Wi-Fi network for security reasons.,CE1_Firewalls,0,
P01753,"No firewall was implemented to safeguard the care records system,",CE1_Firewalls,0,
P01782,Former staff user accounts are permanently deactivated and removed from the system.,CE2_SecureConfig,1,
P01813,Hardening of machines is in place for all devices before they are introduced into our care environment.,CE2_SecureConfig,1,
P01883,All equipment received no hardening before being used by staff.,CE2_SecureConfig,0,
P01884,Failure to apply hardening to machines occurred prior to staff commencing use.,CE2_SecureConfig,0,
P01886,No hardening applied to machines before staff commenced use.,CE2_SecureConfig,0,
P01906,Prompt installation of high-risk patches is mandated following vendor notification,CE3_Patching,1,
P01918,The automatic deployment of Windows Update applies to every device within our premises.,CE3_Patching,1,
P01920,Windows Update is enabled on all devices within the care home and runs automatically.,CE3_Patching,1,
P01968,The policy of only installing patches when someone remembers results in unacceptable delays of several months.,CE3_Patching,0,
P02076,Each member of staff has a designated login account in the care system.,CE4_AccessControl,1,
P02078,Staff login accounts are in place for access to the care system.,CE4_AccessControl,1,
P02082,Resident records are password-protected,CE4_AccessControl,1,
P02084,Access to resident medical records is restricted to authorised personnel only,CE4_AccessControl,1,
P02124,All employees must log in with an administrator account to conduct their daily work activities.,CE4_AccessControl,0,
P02182,Anti-malware software is installed and running on every computer in the care home.,CE5_Malware,1,
P02185,All computer systems in the care home have anti-malware software installed and running at all times.,CE5_Malware,1,
P02245,Anti-virus software is not installed on all computers.,CE5_Malware,0,
P02317,Personal data handling is staff accountability,DSPT1_ConfidentialData,1,
P02351,Staff are required to disclose their data handling procedures for confidential information to ensure compliance.,DSPT1_ConfidentialData,0,
P02356,Staff must provide a clear explanation of their procedures for handling confidential information to ensure regulatory compliance.,DSPT1_ConfidentialData,0,
P02370,Respectful storage of resident records is essential to maintain confidentiality.,DSPT1_ConfidentialData,0,
P02373,Resident records should be stored in designated secure areas to protect sensitive information.,DSPT1_ConfidentialData,0,
P02405,All staff are adhere to the established process for handling deliberate or avoidable data breaches.,DSPT2_StaffResponsibilities,1,
P02408,Staff are invoke the established data breach procedure in the event of deliberate or avoidable data breaches.,DSPT2_StaffResponsibilities,1,
P02431,A clear response process is absent for incidents arising from staff non-compliance with data policy.,DSPT2_StaffResponsibilities,0,
P02438,It is compulsory for all staff to complete data security training each year,DSPT3_Training,1,
P02439,All staff are complete data security training on an annual basis,DSPT3_Training,1,
P02501,It is a compliance requirement that staff complete the data security training before commencing work.,DSPT3_Training,0,
P02502,"There is a mandatory data security training requirement for all staff, which has not been fulfilled.",DSPT3_Training,0,
P02597,All viewings of care records are logged with a timestamp.,DSPT4_DataAccess,1,
P02600,Viewings of care records are logged and timestamped.,DSPT4_DataAccess,1,
P02606,Staff access to resident records is governed by role-based access controls,DSPT4_DataAccess,1,
P02644,The failure to log staff access to records raises significant compliance and governance concerns.,DSPT4_DataAccess,0,
P02645,"Compliance monitoring reveals that staff are accessing records without recording their identity, thus compromising the record-keeping process.",DSPT4_DataAccess,0,
P02648,"The requirement to record staff access to records is not being met, a serious compliance breach that demands urgent rectification.",DSPT4_DataAccess,0,
P02716,System bypassing by staff is a recurring issue that remains unresolved.,DSPT5_ProcessReviews,0,
P02719,Staff routinely disregard the system and this has yet to be resolved.,DSPT5_ProcessReviews,0,
P02720,The system's bypass by staff is a persistent problem that remains unfixed.,DSPT5_ProcessReviews,0,
P02725,We conduct all data security incident responses in accordance with our documented protocol.,DSPT6_Incidents,1,
P02728,A cyber attack incident response plan is a mandatory document outlining the steps to be taken in response to such an event.,DSPT6_Incidents,1,
P02730,"The incident response plan is a critical component of our cyber security policy, covering procedures for responding to a cyber attack.",DSPT6_Incidents,1,
P02731,"All staff members have knowledge of the incident response plan, which outlines the actions to be taken in the event of a cyber attack.",DSPT6_Incidents,1,
P02790,"All data breaches must be reported to the ICO without delay, as failure to do so constitutes a serious breach of our data protection policy.",DSPT6_Incidents,0,
P02806,Historical incident data is not recorded.,DSPT6_Incidents,0,
P02809,There is no log of previous security breaches.,DSPT6_Incidents,0,
P02834,Our plan provides for the continuity of care during a cyber incident.,DSPT7_Continuity,1,
P02883,Failure to assess and plan for care provision during an IT outage is unacceptable.,DSPT7_Continuity,0,
P02887,The absence of a plan for care provision during an IT failure is a critical compliance breach.,DSPT7_Continuity,0,
P02914,The backup procedure requires an offsite copy.,DSPT7_Continuity,0,
P02941,Approved software and browsers is used by all residents at all times when accessing care home systems.,DSPT8_UnsupportedSystems,1,
P02992,Replacing the software is not considered feasible due to the undue disruption it would cause.,DSPT8_UnsupportedSystems,0,
P02993,We are maintaining the current software version despite the inconvenience of updating.,DSPT8_UnsupportedSystems,0,
P03004,Laptops are encrypted to guarantee the protection of data in the unlikely event of device loss.,DSPT9_ITProtection,1,
P03005,"To mitigate data loss, all laptops are encrypted.",DSPT9_ITProtection,1,
P03023,The Cyber Essentials framework underpins our IT system protection.,DSPT9_ITProtection,1,
P03082,The Data Security and Protection Toolkit has not been fully implemented this year.,DSPT9_ITProtection,0,
P03115,Data security obligations are explicitly stated in all supplier contracts to ensure compliance,DSPT10_Suppliers,1,
P03117,Data security obligations are in place in all contractual agreements with suppliers,DSPT10_Suppliers,1,
P03120,Contractual agreements with suppliers include data security obligations,DSPT10_Suppliers,1,
P03151,Data protection provision is absent from our care system provider contract.,DSPT10_Suppliers,0,
P03155,The contract does not include any provisions for data protection of our care residents.,DSPT10_Suppliers,0,
P03156,Data protection is not explicitly stated in our contract with the care system provider.,DSPT10_Suppliers,0,
S0136,Data protection responsibilities form part of our standard employment terms.,DSPT2_StaffResponsibilities,1,
S0167,Only authorised staff can open residents' confidential records.,DSPT4_DataAccess,1,
S0245,The DSPT assessment was completed and published before the deadline.,DSPT9_ITProtection,1,
S0254,IT security arrangements have not been reviewed for several years.,DSPT9_ITProtection,0,
P00017,Windows Defender Firewall is installed and enabled on every staff-owned laptop and desktop.,CE1_Firewalls,1,
P00057,The annual IT review is a mandatory control to ensure our firewalls are configured in accordance with industry standards.,CE1_Firewalls,1,
P00074,The guest Wi-Fi for visitors and residents is isolated from the staff network.,CE1_Firewalls,1,
P00107,Firewalls must be enabled on all staff laptops when used away from the home premises.,CE1_Firewalls,0,
P00271,"No user account review is performed, resulting in unused logins remaining open.",CE2_SecureConfig,0,
P00299,There is no centralised list of software installed on the home's computers.,CE2_SecureConfig,0,
P00300,The home does not maintain a comprehensive list of software applications used on its computers.,CE2_SecureConfig,0,
P00302,There is no formal record of the software currently running on the home's computers.,CE2_SecureConfig,0,
P00360,The management console is used to ensure device software is up to date.,CE3_Patching,1,
P00361,All devices are checked via our management console on a regular basis.,CE3_Patching,1,
P00363,Device software updates are regularly checked via our management console.,CE3_Patching,1,
P00374,There has been a substantial delay in applying security updates.,CE3_Patching,0,
P00424,Monitoring of patch installations has been discontinued,CE3_Patching,0,
P00489,"In accordance with policy, leavers' access is revoked 24 hours post-departure.",CE4_AccessControl,1,
P00490,Leavers' access is invalid from 24 hours after they leave the care home.,CE4_AccessControl,1,
P00506,"All staff accounts are subject to a strict password policy, requiring robust password strength.",CE4_AccessControl,1,
P00633,Staff inboxes are completely secured from malicious attachments by our email filtering system.,CE5_Malware,1,
P00695,Email filtering to catch phishing and malicious attachments is not available.,CE5_Malware,0,
P00696,The care home does not currently employ email filtering to safeguard against phishing and malicious attachments.,CE5_Malware,0,
P00697,We do not have email filtering in place to prevent phishing or malicious attachments.,CE5_Malware,0,
P00698,There is no email filtering to protect against phishing and malicious attachments.,CE5_Malware,0,
P00712,No approved software installations are enforced on our computers.,CE5_Malware,0,
P00713,Unapproved programs are not permitted to run on our systems.,CE5_Malware,0,
P00730,Staff are aware of their obligations regarding resident confidentiality,DSPT1_ConfidentialData,1,
P00812,Data protection responsibilities are a compulsory part of our standard employment terms.,DSPT2_StaffResponsibilities,1,
P00839,Failure to do so constitutes a compliance breach,DSPT2_StaffResponsibilities,0,
P00899,All staff are pass a data security compliance test on completion of training,DSPT3_Training,1,
P00903,All staff undergoing data security training pass a compliance test to validate their understanding of security procedures,DSPT3_Training,1,
P00952,Lack of documented evidence of staff completing information governance training is a critical oversight.,DSPT3_Training,0,
P00954,Failure to record staff information governance training completion is unacceptable.,DSPT3_Training,0,
P00956,Insufficient records of staff information governance training completion compromise compliance with data protection regulations.,DSPT3_Training,0,
P00967,"While training is supplied, there is no evaluation of staff's comprehension.",DSPT3_Training,0,
P01042,This is unacceptable: any resident's personal data must be password-protected and only accessible to authorised personnel.,DSPT4_DataAccess,0,
P01050,No staff access rights are revoked upon change of role,DSPT4_DataAccess,0,
P01051,Changing staff roles does not result in access rights removal,DSPT4_DataAccess,0,
P01090,Annual reviews confirm our information processes remain fit for purpose,DSPT5_ProcessReviews,1,
P01091,Compliance is assured through the annual review of our information systems,DSPT5_ProcessReviews,1,
P01093,Our annual review ensures our information systems continue to meet regulatory requirements,DSPT5_ProcessReviews,1,
P01186,Everyone is aware of the procedure for reporting a suspected security incident.,DSPT6_Incidents,1,
P01189,Staff are aware of the correct process.,DSPT6_Incidents,1,
P01209,Our operational procedures do not include a contingency plan for a cyber attack.,DSPT6_Incidents,0,
P01284,"Data backups are encrypted and kept in a separate, secure location",DSPT7_Continuity,1,
P01288,Copies of our data are stored off-site to prevent loss in the event of a fire or theft.,DSPT7_Continuity,1,
P01290,Data backups are stored securely off-site to ensure business continuity in the event of fire or theft.,DSPT7_Continuity,1,
P01291,"To prevent loss in the event of a fire or theft, our data is stored securely off-site.",DSPT7_Continuity,1,
P01342,The office machine is the sole repository for our data.,DSPT7_Continuity,0,
P01343,Our data is stored solely on the machine in the office.,DSPT7_Continuity,0,
P01357,All operating systems currently in use have active vendor support.,DSPT8_UnsupportedSystems,1,
P01381,Legacy equipment is disconnected from the main network before replacement takes place.,DSPT8_UnsupportedSystems,1,
P01382,Legacy equipment is isolated from the main network prior to the commencement of replacement activities.,DSPT8_UnsupportedSystems,1,
P01398,It is unacceptable that an unsupported web browser is still used to access the care system.,DSPT8_UnsupportedSystems,0,
P01461,The DSPT assessment was completed on time as stipulated in the policy.,DSPT9_ITProtection,1,
P01465,Compliance with the DSPT assessment deadline was maintained throughout the assessment process.,DSPT9_ITProtection,1,
P01483,E-mailing care records without encryption is a serious contravention of data protection rules.,DSPT9_ITProtection,0,
P01516,Our security protocols have not been reviewed since 20XX,DSPT9_ITProtection,0,
P01519,We are in breach of our IT security policy due to lack of recent review,DSPT9_ITProtection,0,
P01557,No data processing agreements have been formally documented with our suppliers,DSPT10_Suppliers,0,
P01558,We do not have a signed data processing agreement with our software providers,DSPT10_Suppliers,0,
P01562,We lack a signed data processing agreement with our software vendor,DSPT10_Suppliers,0,
P01650,Our IT review protocol includes a check of the firewall configuration.,CE1_Firewalls,1,
P01664,The care home maintains separate Wi-Fi networks for visitors and residents from staff,CE1_Firewalls,1,
P01695,Firewalls are mandatory for laptops used outside the premises,CE1_Firewalls,0,
P01729,The firewall configuration has not been assessed in over two years.,CE1_Firewalls,0,
P01732,No update to the firewall rules has been made in over 24 months.,CE1_Firewalls,0,
P01769,Unique passwords are a statutory requirement for all equipment setup.,CE2_SecureConfig,1,
P01817,We maintain a record of all installed software on our premises,CE2_SecureConfig,1,
P01820,Software installed on all computers is recorded in our system,CE2_SecureConfig,1,
P01860,"Due to the lack of review, unused user logins remain open and active",CE2_SecureConfig,0,
P01948,Our management console tracks device updates to ensure compliance.,CE3_Patching,1,
P01950,We use our management console to ensure all devices are up to date.,CE3_Patching,1,
P01961,The IT system is in need of urgent security update application,CE3_Patching,0,
P01963,The IT system is overdue for security updates following several months of neglect,CE3_Patching,0,
P02073,"The IT system automatically removes residents' access 24 hours after their departure, in compliance with our incident log procedures.",CE4_AccessControl,1,
P02074,Our IT policy and safeguarding procedures require that leavers' access be withdrawn within 24 hours of departure.,CE4_AccessControl,1,
P02152,Staff are required to leave the password in plain sight for all users.,CE4_AccessControl,0,
P02171,There are no requirements for password length or strength.,CE4_AccessControl,0,
P02214,It is policy that staff use approved email filtering to block malicious attachments before they reach staff inboxes.,CE5_Malware,1,
P02310,Proper handling of confidential information is a fundamental part of staff duties,DSPT1_ConfidentialData,1,
P02386,Data protection responsibilities are an integral part of our employment terms and conditions,DSPT2_StaffResponsibilities,1,
P02464,The current year's training records indicate a ninety-five per cent completion rate,DSPT3_Training,1,
P02467,Training records demonstrate a ninety-five per cent completion level for the current year,DSPT3_Training,1,
P02477,"As part of their training, all staff pass the data security awareness test.",DSPT3_Training,1,
P02478,The data security training programme requires all staff to pass a competence test.,DSPT3_Training,1,
P02541,The training is mandated but staff are not subjected to a competency check.,DSPT3_Training,0,
P02542,"Staff are required to undergo training, yet they are not formally assessed for their knowledge.",DSPT3_Training,0,
P02619,The system allows anyone with a login to access the full care record of any resident.,DSPT4_DataAccess,0,
P02620,All staff with a login can access a resident's full care record without restriction.,DSPT4_DataAccess,0,
P02768,It is compulsory for all staff to have completed the training on reporting suspected security incidents.,DSPT6_Incidents,1,
P02860,"It is in place to encrypt all backups and store them in a secure, distinct area from the main system.",DSPT7_Continuity,1,
P02863,"All backup data are encrypted and stored in a secure, segregated environment.",DSPT7_Continuity,1,
P02868,Data copies is stored externally off-site to mitigate the risk of loss in the event of fire or theft.,DSPT7_Continuity,1,
P02921,Data storage is restricted to the office machine only.,DSPT7_Continuity,0,
P02933,It is a regulatory requirement that all operating systems in use remain supported by their original vendor,DSPT8_UnsupportedSystems,1,
P02934,All supported operating systems in our care home continue to receive vendor-provided support,DSPT8_UnsupportedSystems,1,
P02935,All software in use within our premises are officially supported by its manufacturer until a replacement is found,DSPT8_UnsupportedSystems,1,
P02958,Legacy equipment is disconnected from the network and replaced to prevent any potential disruption to our services.,DSPT8_UnsupportedSystems,1,
P02976,The care system's security risks are not adequately mitigated by the continued use of an unsupported web browser.,DSPT8_UnsupportedSystems,0,
P03038,The deadline for the DSPT assessment was strictly adhered to.,DSPT9_ITProtection,1,
P03039,The DSPT assessment was completed and published within the specified timeframe.,DSPT9_ITProtection,1,
P03040,"As per our policy, the DSPT assessment was completed and published before the deadline.",DSPT9_ITProtection,1,
P03041,Our policy requires that the DSPT assessment be completed and published on time.,DSPT9_ITProtection,1,
P03093,We have not recently conducted a thorough review of our IT security arrangements as stipulated,DSPT9_ITProtection,0,
P03101,"All IT suppliers have a valid data processing agreement, adhering to our company's contractual terms.",DSPT10_Suppliers,1,
P03137,We have not yet established a signed data processing agreement with our software suppliers.,DSPT10_Suppliers,0,